id;login;mot_passe;nom;prenom;civilite;date_naissance;numero;rue;commune;ville;code_postal;tel;fax;gsm;email
1;reciprocal payment;KuwaitXX;Belize Dollar compressing Hand;Rhode Island Administrator com;arra;foreground;Mone;Grocery;capacitor Handcrafted Rubber C;iterate;82813;online Kids neural;content;Checking Account virtual Inter;Aylin_Brakus37@hotmail.com
2;Legacy;e-markets Cambridges;Customer-focused;web services;Solo;Savings Ac;Mill;Handmade;Handcrafted Plastic Salad Idah;Branding parsing;29430;approach;hub Gibraltar regional;Chair Via;Tina24@yahoo.com
3;payment;BordersX;Forward overriding Product;Avon global;Elec;Automotive;anal;Pants;distributed sexy Gorgeous;National Nicaragua Cambridgesh;11500;metrics;wireless SCSI Wyoming;bluetooth;Yoshiko_Bashirian@hotmail.com
4;invoice;Keyboard Checking Ac;Handmade Metal Shoes;Central Hollow SQL;Lice;magnetic s;expe;efficient reinvent generating;interfaces Fresh;Interactions;17016;reintermediate action-items Mo;calculate red;SAS hack Producer;Marco.Reinger@hotmail.com
5;navigate;ivoryXXX;payment revolutionary Handmade;alliance hard drive firewall;Pula;payment sc;cyan;Officer Morocco;next generation;Books;44366;systemic bandwidth;Won Borders Berkshire;Customizable Locks Buckinghams;Unique22@hotmail.com
6;North Carolina Missi;Bridge Iranian Rial;evolve;best-of-breed azure;Heal;Shoes Chec;XML ;Cambridgeshire implement Compu;models;parsing Granite;25315;Assistant JSON;backing up;analyzing Auto Loan Account;Verla_Will@gmail.com
7;turquoise knowledge ;Cambridgeshire Bacon;wireless;solid state online Front-line;CSS ;AvonXXXXXX;Wood;Towels;backing up New Hampshire;azure;32284;architectures leverage;Unions;content Delaware;Marianna_Morar@hotmail.com
8;Cotton Ergonomic Cot;heuristic;functionalities hub Auto Loan ;Guinea Franc;Lega;JSONXXXXXX;Netw;Global haptic;Infrastructure;matrix reboot;92613;ChadXX;deliver Music;streamline panel Wooden;Amina.Heathcote@yahoo.com
9;Macao Tuna Saint Pie;Liberian Dollar;seamless;red;JSON;Thailand L;Lith;Valleys Hawaii;Factors Brand;SDD Representative Small Concr;12010;Kids interface Applications;HDD metrics Palladium;withdrawal Facilitator;Marvin27@hotmail.com
10;pink benchmark;zero defect;internet solution Expanded;Cambridgeshire;Avon;maroon Den;salm;Assurance PNG microchip;synthesize;mobile;37012;scalable;Money Market Account;Books ivory;Abraham10@yahoo.com
